{"resourceType":"CodeSystem","id":"BEMedicationLineConsent","text":{"status":"generated","div":"<div xmlns=\"http://www.w3.org/1999/xhtml\"><p>This code system <code>http://hl7belgium.org/fhir/medicationscheme/CodeSystem/BEMedicationLineConsent</code> defines the following codes:</p><table class=\"codes\"><tr><td style=\"white-space:nowrap\"><b>Code</b></td><td><b>Display</b></td><td><b>Definition</b></td></tr><tr><td style=\"white-space:nowrap\">consent<a name=\"BEMedicationLineConsent-consent\"> </a></td><td>Consent</td><td>Patient consents with sharing the information</td></tr><tr><td style=\"white-space:nowrap\">refuse<a name=\"BEMedicationLineConsent-refuse\"> </a></td><td>Refuse</td><td>Patient doesn't give consent for sharing the information</td></tr></table></div>"},"url":"http://hl7belgium.org/fhir/medicationscheme/CodeSystem/BEMedicationLineConsent","version":"1.0.0","name":"BEMedicationLineConsent","title":"Medication Line consent","status":"active","date":"2023-06-27T09:19:14+00:00","publisher":"HL7 Belgium","contact":[{"name":"HL7 Belgium","telecom":[{"system":"url","value":"http://hl7belgium.org"}]},{"name":"Bob Smith","telecom":[{"system":"email","value":"bobsmith@example.com","use":"work"}]}],"description":"Medication Line consent.","jurisdiction":[{"coding":[{"system":"http://unstats.un.org/unsd/methods/m49/m49.htm","code":"056","display":"Belgium"}]}],"content":"complete","count":2,"concept":[{"code":"consent","display":"Consent","definition":"Patient consents with sharing the information"},{"code":"refuse","display":"Refuse","definition":"Patient doesn't give consent for sharing the information"}]}