"Id","Path","Slice Name","Alias(s)","Label","Min","Max","Must Support?","Is Modifier?","Is Summary?","Type(s)","Short","Definition","Comments","Requirements","Default Value","Meaning When Missing","Fixed Value","Pattern","Example","Minimum Value","Maximum Value","Maximum Length","Binding Strength","Binding Description","Binding Value Set","Code","Slicing Discriminator","Slicing Description","Slicing Ordered","Slicing Rules","Base Path","Base Min","Base Max","Condition(s)","Constraint(s)","Mapping: RIM Mapping"
"BeModelMedicationRecordUsage","BeModelMedicationRecordUsage","","","",0,*,"","","","null {[]} {[]}
","Medication Record MedicationUsage Logical Model","A model for representing medication usage.","","","","","","","","","",,,,,"",,,,"Base",0,*,"",""
"BeModelMedicationRecordUsage.identifier","BeModelMedicationRecordUsage.identifier","","","",0,*,"","","","Identifier {[]} {[]}
","The business identifier(s) for the medication Usage","The business identifier(s) for the medication Usage","","","","","","","","","",,,,,"",,,,"BeModelMedicationRecordUsage.identifier",0,*,"",""
"BeModelMedicationRecordUsage.status","BeModelMedicationRecordUsage.status","","","",1,1,"","","","code {[]} {[]}
","Status of the usage","Status of the usage","","","","","","","","","",,,,,"",,,,"BeModelMedicationRecordUsage.status",1,1,"",""
"BeModelMedicationRecordUsage.category","BeModelMedicationRecordUsage.category","","","",0,*,"","","","CodeableConcept {[]} {[]}
","Type of medication usage","Type of medication usage","","","","","","","","","",,,,,"",,,,"BeModelMedicationRecordUsage.category",0,*,"",""
"BeModelMedicationRecordUsage.product[x]","BeModelMedicationRecordUsage.product[x]","","","",1,1,"","","","CodeableConcept {[]} {[]}
Reference {[]} {[CanonicalType[http://hl7.org/fhir/StructureDefinition/Medication]]}","What product this usage relates to","What product this usage relates to","","","","","","","","","",,,,,"",,,,"BeModelMedicationRecordUsage.product[x]",1,1,"",""
"BeModelMedicationRecordUsage.subject","BeModelMedicationRecordUsage.subject","","","",1,1,"","","","Reference {[]} {[CanonicalType[http://hl7.org/fhir/StructureDefinition/Patient], CanonicalType[http://hl7.org/fhir/StructureDefinition/Group]]}
","Whom this usage relates to","Whom this usage relates to","","","","","","","","","",,,,,"",,,,"BeModelMedicationRecordUsage.subject",1,1,"",""
"BeModelMedicationRecordUsage.effective[x]","BeModelMedicationRecordUsage.effective[x]","","","",0,1,"","","","dateTime {[]} {[]}
Period {[]} {[]}","The date/time or interval when the product is/was/will be taken","The date/time or interval when the product is/was/will be taken","","","","","","","","","",,,,,"",,,,"BeModelMedicationRecordUsage.effective[x]",0,1,"",""
"BeModelMedicationRecordUsage.dateAsserted","BeModelMedicationRecordUsage.dateAsserted","","","",0,1,"","","","dateTime {[]} {[]}
","When the usage was asserted?","When the usage was asserted?","","","","","","","","","",,,,,"",,,,"BeModelMedicationRecordUsage.dateAsserted",0,1,"",""
"BeModelMedicationRecordUsage.informationSource","BeModelMedicationRecordUsage.informationSource","","","",0,1,"","","","Reference {[]} {[CanonicalType[http://hl7.org/fhir/StructureDefinition/Patient], CanonicalType[http://hl7.org/fhir/StructureDefinition/Practitioner], CanonicalType[http://hl7.org/fhir/StructureDefinition/PractitionerRole], CanonicalType[http://hl7.org/fhir/StructureDefinition/RelatedPerson], CanonicalType[http://hl7.org/fhir/StructureDefinition/Organization]]}
","Source that provided the information about the usage of the product","Source that provided the information about the usage of the product","","","","","","","","","",,,,,"",,,,"BeModelMedicationRecordUsage.informationSource",0,1,"",""
"BeModelMedicationRecordUsage.reason[x]","BeModelMedicationRecordUsage.reason[x]","","","",0,*,"","","","CodeableConcept {[]} {[]}
Reference {[]} {[CanonicalType[http://hl7.org/fhir/StructureDefinition/Condition], CanonicalType[http://hl7.org/fhir/StructureDefinition/Observation], CanonicalType[http://hl7.org/fhir/StructureDefinition/DiagnosticReport]]}","Reason for why the product is/was being taken","Reason for why the product is/was being taken","","","","","","","","","",,,,,"",,,,"BeModelMedicationRecordUsage.reason[x]",0,*,"",""
"BeModelMedicationRecordUsage.note","BeModelMedicationRecordUsage.note","","","",0,*,"","","","Annotation {[]} {[]}
","Further information about the usage","Further information about the usage","","","","","","","","","",,,,,"",,,,"BeModelMedicationRecordUsage.note",0,*,"",""
"BeModelMedicationRecordUsage.renderedDosageInstruction","BeModelMedicationRecordUsage.renderedDosageInstruction","","","",0,1,"","","","string {[]} {[]}
","Full representation of the dosage instructions","Full representation of the dosage instructions","","","","","","","","","",,,,,"",,,,"BeModelMedicationRecordUsage.renderedDosageInstruction",0,1,"",""
"BeModelMedicationRecordUsage.dosage","BeModelMedicationRecordUsage.dosage","","","",0,*,"","","","Dosage {[]} {[]}
","Details of how product is/was taken or should be taken","Details of how product is/was taken or should be taken","","","","","","","","","",,,,,"",,,,"BeModelMedicationRecordUsage.dosage",0,*,"",""
"BeModelMedicationRecordUsage.adherence","BeModelMedicationRecordUsage.adherence","","","",0,1,"","","","BackboneElement {[]} {[]}
","Indicates if the product is being consumed or administered as instructed","Indicates if the product is being consumed or administered as instructed","","","","","","","","","",,,,,"",,,,"BeModelMedicationRecordUsage.adherence",0,1,"","ele-1:All FHIR elements must have a @value or children unless an empty Parameters resource {hasValue() or (children().count() > id.count()) or $this is Parameters}
"
"BeModelMedicationRecordUsage.adherence.id","BeModelMedicationRecordUsage.adherence.id","","","",0,1,"","","","id {[]} {[]}
","Unique id for inter-element referencing","Unique id for the element within a resource (for internal references). This may be any string value that does not contain spaces.","","","","","","","","","",,,,,"",,,,"Element.id",0,1,"","","n/a"
"BeModelMedicationRecordUsage.adherence.extension","BeModelMedicationRecordUsage.adherence.extension","","extensions
user content","",0,*,"","","","Extension {[]} {[]}
","Additional content defined by implementations","May be used to represent additional information that is not part of the basic definition of the element. To make the use of extensions safe and manageable, there is a strict set of governance  applied to the definition and use of extensions. Though any implementer can define an extension, there is a set of requirements that SHALL be met as part of the definition of the extension.","There can be no stigma associated with the use of extensions by any application, project, or standard - regardless of the institution or jurisdiction that uses or defines the extensions.  The use of extensions is what allows the FHIR specification to retain a core level of simplicity for everyone.","","","","","","","","",,,,,"","value:url}
","Extensions are always sliced by (at least) url",,"open","Element.extension",0,*,"","ele-1:All FHIR elements must have a @value or children {hasValue() or (children().count() > id.count())}
ext-1:Must have either extensions or value[x], not both {extension.exists() != value.exists()}","n/a"
"BeModelMedicationRecordUsage.adherence.modifierExtension","BeModelMedicationRecordUsage.adherence.modifierExtension","","extensions
user contentmodifiers","",0,*,"","Y","Y","Extension {[]} {[]}
","Extensions that cannot be ignored even if unrecognized","May be used to represent additional information that is not part of the basic definition of the element and that modifies the understanding of the element in which it is contained and/or the understanding of the containing element's descendants. Usually modifier elements provide negation or qualification. To make the use of extensions safe and manageable, there is a strict set of governance applied to the definition and use of extensions. Though any implementer can define an extension, there is a set of requirements that SHALL be met as part of the definition of the extension. Applications processing a resource are required to check for modifier extensions.

Modifier extensions SHALL NOT change the meaning of any elements on Resource or DomainResource (including cannot change the meaning of modifierExtension itself).","There can be no stigma associated with the use of extensions by any application, project, or standard - regardless of the institution or jurisdiction that uses or defines the extensions.  The use of extensions is what allows the FHIR specification to retain a core level of simplicity for everyone.","Modifier extensions allow for extensions that *cannot* be safely ignored to be clearly distinguished from the vast majority of extensions which can be safely ignored.  This promotes interoperability by eliminating the need for implementers to prohibit the presence of extensions. For further information, see the [definition of modifier extensions](http://hl7.org/fhir/R4B/extensibility.html#modifierExtension).","","","","","","","",,,,,"",,,,"BackboneElement.modifierExtension",0,*,"","ele-1:All FHIR elements must have a @value or children {hasValue() or (children().count() > id.count())}
ext-1:Must have either extensions or value[x], not both {extension.exists() != value.exists()}","N/A"
"BeModelMedicationRecordUsage.adherence.code","BeModelMedicationRecordUsage.adherence.code","","","",1,1,"","","","CodeableConcept {[]} {[]}
","Type of adherence","Type of adherence","","","","","","","","","",,,,,"",,,,"BeModelMedicationRecordUsage.adherence.code",1,1,"",""
"BeModelMedicationRecordUsage.adherence.reason","BeModelMedicationRecordUsage.adherence.reason","","","",0,1,"","","","CodeableConcept {[]} {[]}
","Details of the reason for the current adherence to the intended usage of the product","Details of the reason for the current adherence to the intended usage of the product","","","","","","","","","",,,,,"",,,,"BeModelMedicationRecordUsage.adherence.reason",0,1,"",""
"BeModelMedicationRecordUsage.treatmentPlan","BeModelMedicationRecordUsage.treatmentPlan","","","",0,1,"","","","Reference {[]} {[]}
","Link to the 'parent' treatment - i.e the treatment that this order is derived from, or contriburing to","Link to the 'parent' treatment - i.e the treatment that this order is derived from, or contriburing to","","","","","","","","","",,,,,"",,,,"BeModelMedicationRecordUsage.treatmentPlan",0,1,"",""
"BeModelMedicationRecordUsage.basedOn","BeModelMedicationRecordUsage.basedOn","","","",0,1,"","","","Reference {[]} {[]}
","link to the 'parent' treatmentLine - i.e the line that covers all of the same drug for a certain purpose","link to the 'parent' treatmentLine - i.e the line that covers all of the same drug for a certain purpose","","","","","","","","","",,,,,"",,,,"BeModelMedicationRecordUsage.basedOn",0,1,"",""
