"Id","Path","Slice Name","Alias(s)","Label","Min","Max","Must Support?","Is Modifier?","Is Summary?","Type(s)","Short","Definition","Comments","Requirements","Default Value","Meaning When Missing","Fixed Value","Pattern","Example","Minimum Value","Maximum Value","Maximum Length","Binding Strength","Binding Description","Binding Value Set","Code","Slicing Discriminator","Slicing Description","Slicing Ordered","Slicing Rules","Base Path","Base Min","Base Max","Condition(s)","Constraint(s)","Mapping: RIM Mapping"
"BeModelMedicationRecordTreatment","BeModelMedicationRecordTreatment","","","",0,*,"","","","null {[]} {[]}
","Medication Record - Medication Treatment","A model for the Medication Treatment.","","","","","","","","","",,,,,"",,,,"Base",0,*,"",""
"BeModelMedicationRecordTreatment.identifier","BeModelMedicationRecordTreatment.identifier","","","",0,1,"","","","BackboneElement {[]} {[]}
","The business identifier(s) for the medication treatment","The business identifier(s) for the medication treatment","","","","","","","","","",,,,,"",,,,"BeModelMedicationRecordTreatment.identifier",0,1,"","ele-1:All FHIR elements must have a @value or children unless an empty Parameters resource {hasValue() or (children().count() > id.count()) or $this is Parameters}
"
"BeModelMedicationRecordTreatment.identifier.id","BeModelMedicationRecordTreatment.identifier.id","","","",0,1,"","","","id {[]} {[]}
","Unique id for inter-element referencing","Unique id for the element within a resource (for internal references). This may be any string value that does not contain spaces.","","","","","","","","","",,,,,"",,,,"Element.id",0,1,"","","n/a"
"BeModelMedicationRecordTreatment.identifier.extension","BeModelMedicationRecordTreatment.identifier.extension","","extensions
user content","",0,*,"","","","Extension {[]} {[]}
","Additional content defined by implementations","May be used to represent additional information that is not part of the basic definition of the element. To make the use of extensions safe and manageable, there is a strict set of governance  applied to the definition and use of extensions. Though any implementer can define an extension, there is a set of requirements that SHALL be met as part of the definition of the extension.","There can be no stigma associated with the use of extensions by any application, project, or standard - regardless of the institution or jurisdiction that uses or defines the extensions.  The use of extensions is what allows the FHIR specification to retain a core level of simplicity for everyone.","","","","","","","","",,,,,"","value:url}
","Extensions are always sliced by (at least) url",,"open","Element.extension",0,*,"","ele-1:All FHIR elements must have a @value or children {hasValue() or (children().count() > id.count())}
ext-1:Must have either extensions or value[x], not both {extension.exists() != value.exists()}","n/a"
"BeModelMedicationRecordTreatment.identifier.modifierExtension","BeModelMedicationRecordTreatment.identifier.modifierExtension","","extensions
user contentmodifiers","",0,*,"","Y","Y","Extension {[]} {[]}
","Extensions that cannot be ignored even if unrecognized","May be used to represent additional information that is not part of the basic definition of the element and that modifies the understanding of the element in which it is contained and/or the understanding of the containing element's descendants. Usually modifier elements provide negation or qualification. To make the use of extensions safe and manageable, there is a strict set of governance applied to the definition and use of extensions. Though any implementer can define an extension, there is a set of requirements that SHALL be met as part of the definition of the extension. Applications processing a resource are required to check for modifier extensions.

Modifier extensions SHALL NOT change the meaning of any elements on Resource or DomainResource (including cannot change the meaning of modifierExtension itself).","There can be no stigma associated with the use of extensions by any application, project, or standard - regardless of the institution or jurisdiction that uses or defines the extensions.  The use of extensions is what allows the FHIR specification to retain a core level of simplicity for everyone.","Modifier extensions allow for extensions that *cannot* be safely ignored to be clearly distinguished from the vast majority of extensions which can be safely ignored.  This promotes interoperability by eliminating the need for implementers to prohibit the presence of extensions. For further information, see the [definition of modifier extensions](http://hl7.org/fhir/R4B/extensibility.html#modifierExtension).","","","","","","","",,,,,"",,,,"BackboneElement.modifierExtension",0,*,"","ele-1:All FHIR elements must have a @value or children {hasValue() or (children().count() > id.count())}
ext-1:Must have either extensions or value[x], not both {extension.exists() != value.exists()}","N/A"
"BeModelMedicationRecordTreatment.identifier.treatmentGuid","BeModelMedicationRecordTreatment.identifier.treatmentGuid","","","",0,1,"","","","Identifier {[]} {[]}
","The Global Unique identifier(s) for the medication treatment","The Global Unique identifier(s) for the medication treatment","","","","","","","","","",,,,,"",,,,"BeModelMedicationRecordTreatment.identifier.treatmentGuid",0,1,"",""
"BeModelMedicationRecordTreatment.subject","BeModelMedicationRecordTreatment.subject","","","",1,1,"","","","Reference {[]} {[CanonicalType[http://hl7.org/fhir/StructureDefinition/Patient]]}
","The subject of the medication treatment","The subject of the medication treatment","","","","","","","","","",,,,,"",,,,"BeModelMedicationRecordTreatment.subject",1,1,"",""
"BeModelMedicationRecordTreatment.status","BeModelMedicationRecordTreatment.status","","","",1,1,"","","","code {[]} {[]}
","Status of the medication treatment","Status of the medication treatment","","","","","","","","","",,,,,"",,,,"BeModelMedicationRecordTreatment.status",1,1,"",""
"BeModelMedicationRecordTreatment.category","BeModelMedicationRecordTreatment.category","","","",0,*,"","","","CodeableConcept {[]} {[]}
","Category(ies) of the medication treatment","Category(ies) of the medication treatment","","","","","","","","","",,,,,"",,,,"BeModelMedicationRecordTreatment.category",0,*,"",""
"BeModelMedicationRecordTreatment.title","BeModelMedicationRecordTreatment.title","","","",0,1,"","","","string {[]} {[]}
","Short title of the medication treatment","Short title of the medication treatment","","","","","","","","","",,,,,"",,,,"BeModelMedicationRecordTreatment.title",0,1,"",""
"BeModelMedicationRecordTreatment.description","BeModelMedicationRecordTreatment.description","","","",0,1,"","","","string {[]} {[]}
","Textual description of the treatment","Textual description of the medication treatment","","","","","","","","","",,,,,"",,,,"BeModelMedicationRecordTreatment.description",0,1,"",""
"BeModelMedicationRecordTreatment.encounter","BeModelMedicationRecordTreatment.encounter","","","",0,1,"","","","Reference {[]} {[CanonicalType[http://hl7.org/fhir/StructureDefinition/Encounter]]}
","The encounter in which the medication treatment was created or updated","The encounter in which the medication treatment was created or updated","","","","","","","","","",,,,,"",,,,"BeModelMedicationRecordTreatment.encounter",0,1,"",""
"BeModelMedicationRecordTreatment.period","BeModelMedicationRecordTreatment.period","","","",0,1,"","","","Period {[]} {[]}
","The duration of the treatment","The duration of the treatment","","","","","","","","","",,,,,"",,,,"BeModelMedicationRecordTreatment.period",0,1,"",""
"BeModelMedicationRecordTreatment.created","BeModelMedicationRecordTreatment.created","","","",0,1,"","","","dateTime {[]} {[]}
","When the treatment record was created","When the treatment record was created","","","","","","","","","",,,,,"",,,,"BeModelMedicationRecordTreatment.created",0,1,"",""
"BeModelMedicationRecordTreatment.author","BeModelMedicationRecordTreatment.author","","","",0,1,"","","","Reference {[]} {[CanonicalType[http://hl7.org/fhir/StructureDefinition/Patient], CanonicalType[http://hl7.org/fhir/StructureDefinition/Practitioner], CanonicalType[http://hl7.org/fhir/StructureDefinition/PractitionerRole], CanonicalType[http://hl7.org/fhir/StructureDefinition/Device], CanonicalType[http://hl7.org/fhir/StructureDefinition/RelatedPerson], CanonicalType[http://hl7.org/fhir/StructureDefinition/Organization], CanonicalType[http://hl7.org/fhir/StructureDefinition/CareTeam]]}
","The current author/responsible for the medication treatment plan","The current author/responsible for the medication treatment plan","","","","","","","","","",,,,,"",,,,"BeModelMedicationRecordTreatment.author",0,1,"",""
"BeModelMedicationRecordTreatment.note","BeModelMedicationRecordTreatment.note","","","",0,*,"","","","Annotation {[]} {[]}
","Comments about the plan","Comments about the plan","","","","","","","","","",,,,,"",,,,"BeModelMedicationRecordTreatment.note",0,*,"",""
