<?xml version="1.0" encoding="UTF-8"?><CodeSystem xmlns="http://hl7.org/fhir"><id value="BEMedicationAdministrationRoute"/><text><status value="generated"/><div xmlns="http://www.w3.org/1999/xhtml"><p>This code system <code>http://hl7belgium.org/fhir/medicationscheme/CodeSystem/BEMedicationAdministrationRoute</code> defines the following codes:</p><table class="codes"><tr><td style="white-space:nowrap"><b>Code</b></td></tr></table></div></text><url value="http://hl7belgium.org/fhir/medicationscheme/CodeSystem/BEMedicationAdministrationRoute"/><version value="1.0.0"/><name value="BEMedicationAdministrationRoute"/><title value="Medication line - route of administration"/><status value="active"/><date value="2023-06-27T09:19:14+00:00"/><publisher value="HL7 Belgium"/><contact><name value="HL7 Belgium"/><telecom><system value="url"/><value value="http://hl7belgium.org"/></telecom></contact><contact><name value="Bob Smith"/><telecom><system value="email"/><value value="bobsmith@example.com"/><use value="work"/></telecom></contact><description value="Medication line - route of administration."/><jurisdiction><coding><system value="http://unstats.un.org/unsd/methods/m49/m49.htm"/><code value="056"/><display value="Belgium"/></coding></jurisdiction><content value="complete"/></CodeSystem>