{
  "resourceType": "Condition",
  "id": "diarrhea-condition",
  "text": {
    "status": "generated",
    "div": "<div xmlns=\"http://www.w3.org/1999/xhtml\"><p><b>Generated Narrative: Condition</b><a name=\"diarrhea-condition\"> </a></p><div style=\"display: inline-block; background-color: #d9e0e7; padding: 6px; margin: 4px; border: 1px solid #8da1b4; border-radius: 5px; line-height: 60%\"><p style=\"margin-bottom: 0px\">Resource Condition \"diarrhea-condition\" </p></div><p><b>code</b>: Diarrhea (finding) <span style=\"background: LightGoldenRodYellow; margin: 4px; border: 1px solid khaki\"> (snomed.ct#62315008)</span></p><p><b>subject</b>: <span></span></p></div>"
  },
  "code": {
    "coding": [
      {
        "system": "http://snomed.ct",
        "code": "62315008",
        "display": "Diarrhea (finding)"
      }
    ]
  },
  "subject": {
    "identifier": {
      "system": "https://www.ehealth.fgov.be/standards/fhir/NamingSystem/ssin",
      "value": "64110219106"
    }
  }
}