<?xml version="1.0" encoding="UTF-8"?>

<MedicationStatement xmlns="http://hl7.org/fhir">
  <id value="8-usage"/>
  <meta>
    <profile value="http://hl7belgium.org/fhir/riziv-medicationrecord/StructureDefinition/MedRecordUsage"/>
  </meta>
  <text>
    <status value="extensions"/><div xmlns="http://www.w3.org/1999/xhtml"><p><b>Generated Narrative</b></p><div style="display: inline-block; background-color: #d9e0e7; padding: 6px; margin: 4px; border: 1px solid #8da1b4; border-radius: 5px; line-height: 60%"><p style="margin-bottom: 0px">Resource "8-usage" </p><p style="margin-bottom: 0px">Profile: <a href="StructureDefinition-MedRecordUsage.html">MedRecord Usage profile</a></p></div><p><b>Based On</b>: <span></span></p><p><b>identifier</b>: id: cc4f91f6-d0f6-479c-b6c0-109177448ed7</p><p><b>status</b>: stopped</p><p><b>statusReason</b>: Medication stopped - side effect <span style="background: LightGoldenRodYellow; margin: 4px; border: 1px solid khaki"> (<a href="https://browser.ihtsdotools.org/">SNOMED CT</a>#395009001)</span></p><p><b>medication</b>: Amoxiclav Sandoz 875/125 compr. (séc.) 20x <span style="background: LightGoldenRodYellow; margin: 4px; border: 1px solid khaki"> (cnk_product_codes#1715127)</span></p><p><b>subject</b>: <span></span></p><p><b>dateAsserted</b>: 2021-07-19T17:00:00+02:00</p><p><b>informationSource</b>: <span></span></p></div>
  </text>
  <extension url="http://hl7.org/fhir/StructureDefinition/event-basedOn">
    <valueReference>
      <identifier>
        <system value="http://treatment-identifiers.com"/>
        <value value="0d462dac-513a-4fb0-a2fe-fb7f53b27c5d"/>
      </identifier>
    </valueReference>
  </extension>
  <identifier>
    <system value="http://medicationusage-identifiers.com"/>
    <value value="cc4f91f6-d0f6-479c-b6c0-109177448ed7"/>
  </identifier>
  <status value="stopped"/>
  <statusReason>
    <coding>
      <system value="http://snomed.info/sct"/>
      <code value="395009001"/>
      <display value="Medication stopped - side effect"/>
    </coding>
  </statusReason>
  <medicationCodeableConcept>
    <coding>
      <system value="https://cnk.apb.be/codings/cnk_product_codes"/>
      <code value="1715127"/>
      <display value="Amoxiclav Sandoz 875/125 compr. (séc.) 20x"/>
    </coding>
  </medicationCodeableConcept>
  <subject>
    <identifier>
      <system value="https://www.ehealth.fgov.be/standards/fhir/NamingSystem/ssin"/>
      <value value="64110219106"/>
    </identifier>
  </subject>
  <dateAsserted value="2021-07-19T17:00:00+02:00"/>
  <informationSource>
    <identifier>
      <system value="https://www.ehealth.fgov.be/standards/fhir/NamingSystem/ssin"/>
      <value value="64110219106"/>
    </identifier>
  </informationSource>
</MedicationStatement>