{
  "resourceType": "MedicationDispense",
  "id": "2a-dispense",
  "meta": {
    "profile": [
      "http://hl7belgium.org/fhir/riziv-medicationrecord/StructureDefinition/MedRecordDispense"
    ]
  },
  "text": {
    "status": "extensions",
    "div": "<div xmlns=\"http://www.w3.org/1999/xhtml\"><p><b>Generated Narrative</b></p><div style=\"display: inline-block; background-color: #d9e0e7; padding: 6px; margin: 4px; border: 1px solid #8da1b4; border-radius: 5px; line-height: 60%\"><p style=\"margin-bottom: 0px\">Resource \"2a-dispense\" </p><p style=\"margin-bottom: 0px\">Profile: <a href=\"StructureDefinition-MedRecordDispense.html\">BeMedRecord Dispense profile</a></p></div><p><b>Based On</b>: <span></span></p><p><b>identifier</b>: id: f219aa4e-5d10-4f3d-840d-a15e0dff2957</p><p><b>status</b>: completed</p><p><b>medication</b>: Dafalgan compr. 20x 500mg <span style=\"background: LightGoldenRodYellow; margin: 4px; border: 1px solid khaki\"> (cnk_product_codes#2933893)</span></p><p><b>subject</b>: <span></span></p><blockquote><p><b>performer</b></p><p><b>function</b>: dispenser <span style=\"background: LightGoldenRodYellow; margin: 4px; border: 1px solid khaki\"> ([not stated]#dispenser)</span></p><p><b>actor</b>: <span>: Pharmacist</span></p></blockquote><blockquote><p><b>performer</b></p><p><b>function</b>: dispensingOrg <span style=\"background: LightGoldenRodYellow; margin: 4px; border: 1px solid khaki\"> ([not stated]#dispensingOrg)</span></p><p><b>actor</b>: <span>: Pharmacy X</span></p></blockquote><p><b>authorizingPrescription</b>: <span></span></p><p><b>quantity</b>: 1 Box<span style=\"background: LightGoldenRodYellow\"> (Details: http://standardterms.edqm.eu/PAC code 30009000 = '30009000')</span></p><p><b>whenHandedOver</b>: 2021-07-19T13:00:00+02:00</p><h3>Substitutions</h3><table class=\"grid\"><tr><td>-</td><td><b>WasSubstituted</b></td><td><b>Reason</b></td></tr><tr><td>*</td><td>true</td><td>unable to use <span style=\"background: LightGoldenRodYellow; margin: 4px; border: 1px solid khaki\"> (unknown#UNABLE)</span></td></tr></table></div>"
  },
  "extension": [
    {
      "url": "http://hl7.org/fhir/StructureDefinition/event-basedOn",
      "valueReference": {
        "identifier": {
          "system": "http://treatment-identifiers.com",
          "value": "0d462dac-513a-4fb0-a2fe-fb7f53b27c5d"
        }
      }
    }
  ],
  "identifier": [
    {
      "system": "http://dispense-identifiers.com",
      "value": "f219aa4e-5d10-4f3d-840d-a15e0dff2957"
    }
  ],
  "status": "completed",
  "medicationCodeableConcept": {
    "coding": [
      {
        "system": "https://cnk.apb.be/codings/cnk_product_codes",
        "code": "2933893",
        "display": "Dafalgan compr. 20x 500mg"
      }
    ]
  },
  "subject": {
    "identifier": {
      "system": "https://www.ehealth.fgov.be/standards/fhir/NamingSystem/ssin",
      "value": "64110219106"
    }
  },
  "performer": [
    {
      "function": {
        "coding": [
          {
            "code": "dispenser"
          }
        ]
      },
      "actor": {
        "identifier": {
          "system": "http://dispenser-identifiers.com",
          "value": "7c3aa173-3185-4001-a661-df36a7492798"
        },
        "display": "Pharmacist"
      }
    },
    {
      "function": {
        "coding": [
          {
            "code": "dispensingOrg"
          }
        ]
      },
      "actor": {
        "identifier": {
          "system": "http://dispenser-identifiers.com",
          "value": "5b2e9903-fba7-4ed3-aa76-52d386012ca0"
        },
        "display": "Pharmacy X"
      }
    }
  ],
  "authorizingPrescription": [
    {
      "identifier": {
        "system": "http://prescription-identifiers.com",
        "value": "69eb6358-6eb6-40e4-972f-33d22c3392c5"
      }
    }
  ],
  "quantity": {
    "value": 1,
    "unit": "Box",
    "system": "http://standardterms.edqm.eu/PAC",
    "code": "30009000"
  },
  "whenHandedOver": "2021-07-19T13:00:00+02:00",
  "substitution": {
    "wasSubstituted": true,
    "reason": [
      {
        "coding": [
          {
            "system": "medication-substitution-dispense-v1",
            "code": "UNABLE",
            "display": "unable to use"
          }
        ]
      }
    ]
  }
}