{
  "resourceType": "MedicationRequest",
  "id": "15-prescription-2",
  "meta": {
    "profile": [
      "http://hl7belgium.org/fhir/riziv-medicationrecord/StructureDefinition/MedRecordOrder"
    ]
  },
  "text": {
    "status": "extensions",
    "div": "<div xmlns=\"http://www.w3.org/1999/xhtml\"><p><b>Generated Narrative</b></p><div style=\"display: inline-block; background-color: #d9e0e7; padding: 6px; margin: 4px; border: 1px solid #8da1b4; border-radius: 5px; line-height: 60%\"><p style=\"margin-bottom: 0px\">Resource \"15-prescription-2\" </p><p style=\"margin-bottom: 0px\">Profile: <a href=\"StructureDefinition-MedRecordOrder.html\">BeMedRecord Order profile</a></p></div><p><b>Based On</b>: <span></span></p><p><b>Based On Extension</b>: <a href=\"example-15-of-medication-treatmentLine2\">example-15-of-medication-treatmentLine2</a></p><p><b>identifier</b>: id: f1ef61db-472f-4f84-a6fa-9914f43525b1</p><p><b>status</b>: active</p><p><b>intent</b>: order</p><p><b>medication</b>: Aspirine 500 mg (36 effervescent tablets) <span style=\"background: LightGoldenRodYellow; margin: 4px; border: 1px solid khaki\"> (cnk_product_codes#00)</span></p><p><b>subject</b>: <span></span></p><p><b>encounter</b>: <span></span></p><p><b>authoredOn</b>: 2021-08-01T09:00:00+02:00</p><p><b>requester</b>: <span>: GP2</span></p></div>"
  },
  "extension": [
    {
      "url": "http://hl7.org/fhir/StructureDefinition/event-basedOn",
      "valueReference": {
        "identifier": {
          "system": "http://treatment-identifiers.com",
          "value": "0d462dac-513a-4fb0-a2fe-fb7f53b27c5d"
        }
      }
    },
    {
      "url": "http://hl7belgium.org/fhir/riziv-medicationrecord/StructureDefinition/related-tl",
      "valueReference": {
        "reference": "example-15-of-medication-treatmentLine2"
      }
    }
  ],
  "identifier": [
    {
      "system": "http://prescription-identifiers.com",
      "value": "f1ef61db-472f-4f84-a6fa-9914f43525b1"
    }
  ],
  "status": "active",
  "intent": "order",
  "medicationCodeableConcept": {
    "coding": [
      {
        "system": "https://cnk.apb.be/codings/cnk_product_codes",
        "code": "00",
        "display": "Aspirine 500 mg (36 effervescent tablets)"
      }
    ]
  },
  "subject": {
    "identifier": {
      "system": "https://www.ehealth.fgov.be/standards/fhir/NamingSystem/ssin",
      "value": "64110219106"
    }
  },
  "encounter": {
    "identifier": {
      "system": "http://encounter-identifiers.com",
      "value": "7b0febb8-4117-4019-9f7f-bb920912548e"
    }
  },
  "authoredOn": "2021-08-01T09:00:00+02:00",
  "requester": {
    "identifier": {
      "system": "http://physician-identifiers.com",
      "value": "db0f310a-e2fe-4aca-93cc-c3fd41dc272a"
    },
    "display": "GP2"
  },
  "dosageInstruction": [
    {
      "timing": {
        "repeat": {
          "frequency": 1,
          "period": 1,
          "periodUnit": "d",
          "when": [
            "MORN"
          ]
        }
      },
      "route": {
        "coding": [
          {
            "system": "http://snomed.info/sct",
            "code": "26643006",
            "display": "Oral Route"
          }
        ]
      },
      "doseAndRate": [
        {
          "doseQuantity": {
            "value": 1,
            "unit": "TAB",
            "system": "http://terminology.hl7.org/CodeSystem/v3-orderableDrugForm",
            "code": "TAB"
          }
        }
      ]
    }
  ]
}