"Id","Path","Slice Name","Alias(s)","Label","Min","Max","Must Support?","Is Modifier?","Is Summary?","Type(s)","Short","Definition","Comments","Requirements","Default Value","Meaning When Missing","Fixed Value","Pattern","Example","Minimum Value","Maximum Value","Maximum Length","Binding Strength","Binding Description","Binding Value Set","Code","Slicing Discriminator","Slicing Description","Slicing Ordered","Slicing Rules","Base Path","Base Min","Base Max","Condition(s)","Constraint(s)","Mapping: RIM Mapping"
"BeModelMedicationView","BeModelMedicationView","","","",0,*,"","","","","Medication View logical model","A model for a visualization of the patient's medication","","","","","","","","","",,,,,"",,,,"Base",0,*,"",""
"BeModelMedicationView.identifier","BeModelMedicationView.identifier","","","",0,1,"","","","Identifier {[]} {[]}
","The business identifier(s) for the Medication View","The business identifier(s) for the Medication View","","","","","","","","","",,,,,"",,,,"BeModelMedicationView.identifier",0,1,"",""
"BeModelMedicationView.patient","BeModelMedicationView.patient","","","",1,1,"","","","Reference {[]} {[]}
","The subject of the medication record","The subject of the medication record","","","","","","","","","",,,,,"",,,,"BeModelMedicationView.patient",1,1,"",""
"BeModelMedicationView.treatments","BeModelMedicationView.treatments","","","",0,*,"","","","BackboneElement {[]} {[]}
","The treaments that are included in this record","The treaments that are included in this record","","","","","","","","","",,,,,"",,,,"BeModelMedicationView.treatments",0,*,"","ele-1:All FHIR elements must have a @value or children unless an empty Parameters resource {hasValue() or (children().count() > id.count()) or $this is Parameters}
"
"BeModelMedicationView.treatments.id","BeModelMedicationView.treatments.id","","","",0,1,"","","","id {[]} {[]}
","Unique id for inter-element referencing","Unique id for the element within a resource (for internal references). This may be any string value that does not contain spaces.","","","","","","","","","",,,,,"",,,,"Element.id",0,1,"","","n/a"
"BeModelMedicationView.treatments.extension","BeModelMedicationView.treatments.extension","","extensions
user content","",0,*,"","","","Extension {[]} {[]}
","Additional content defined by implementations","May be used to represent additional information that is not part of the basic definition of the element. To make the use of extensions safe and manageable, there is a strict set of governance  applied to the definition and use of extensions. Though any implementer can define an extension, there is a set of requirements that SHALL be met as part of the definition of the extension.","There can be no stigma associated with the use of extensions by any application, project, or standard - regardless of the institution or jurisdiction that uses or defines the extensions.  The use of extensions is what allows the FHIR specification to retain a core level of simplicity for everyone.","","","","","","","","",,,,,"","value:url}
","Extensions are always sliced by (at least) url",,"open","Element.extension",0,*,"","ele-1:All FHIR elements must have a @value or children {hasValue() or (children().count() > id.count())}
ext-1:Must have either extensions or value[x], not both {extension.exists() != value.exists()}","n/a"
"BeModelMedicationView.treatments.modifierExtension","BeModelMedicationView.treatments.modifierExtension","","extensions
user contentmodifiers","",0,*,"","Y","Y","Extension {[]} {[]}
","Extensions that cannot be ignored even if unrecognized","May be used to represent additional information that is not part of the basic definition of the element and that modifies the understanding of the element in which it is contained and/or the understanding of the containing element's descendants. Usually modifier elements provide negation or qualification. To make the use of extensions safe and manageable, there is a strict set of governance applied to the definition and use of extensions. Though any implementer can define an extension, there is a set of requirements that SHALL be met as part of the definition of the extension. Applications processing a resource are required to check for modifier extensions.

Modifier extensions SHALL NOT change the meaning of any elements on Resource or DomainResource (including cannot change the meaning of modifierExtension itself).","There can be no stigma associated with the use of extensions by any application, project, or standard - regardless of the institution or jurisdiction that uses or defines the extensions.  The use of extensions is what allows the FHIR specification to retain a core level of simplicity for everyone.","Modifier extensions allow for extensions that *cannot* be safely ignored to be clearly distinguished from the vast majority of extensions which can be safely ignored.  This promotes interoperability by eliminating the need for implementers to prohibit the presence of extensions. For further information, see the [definition of modifier extensions](http://hl7.org/fhir/2021Mar/extensibility.html#modifierExtension).","","","","","","","",,,,,"",,,,"BackboneElement.modifierExtension",0,*,"","ele-1:All FHIR elements must have a @value or children {hasValue() or (children().count() > id.count())}
ext-1:Must have either extensions or value[x], not both {extension.exists() != value.exists()}","N/A"
"BeModelMedicationView.treatments.indication","BeModelMedicationView.treatments.indication","","","",0,*,"","","","CodeableConcept {[]} {[]}
","Why the treatment exists","Why the treatment exists","","","","","","","","","",,,,,"",,,,"BeModelMedicationView.treatments.indication",0,*,"",""
"BeModelMedicationView.treatments.treatmentLines","BeModelMedicationView.treatments.treatmentLines","","","",0,*,"","","","BackboneElement {[]} {[]}
","The treatment lines that are included in this record","The treatment lines that are included in this record","","","","","","","","","",,,,,"",,,,"BeModelMedicationView.treatments.treatmentLines",0,*,"","ele-1:All FHIR elements must have a @value or children unless an empty Parameters resource {hasValue() or (children().count() > id.count()) or $this is Parameters}
"
"BeModelMedicationView.treatments.treatmentLines.id","BeModelMedicationView.treatments.treatmentLines.id","","","",0,1,"","","","id {[]} {[]}
","Unique id for inter-element referencing","Unique id for the element within a resource (for internal references). This may be any string value that does not contain spaces.","","","","","","","","","",,,,,"",,,,"Element.id",0,1,"","","n/a"
"BeModelMedicationView.treatments.treatmentLines.extension","BeModelMedicationView.treatments.treatmentLines.extension","","extensions
user content","",0,*,"","","","Extension {[]} {[]}
","Additional content defined by implementations","May be used to represent additional information that is not part of the basic definition of the element. To make the use of extensions safe and manageable, there is a strict set of governance  applied to the definition and use of extensions. Though any implementer can define an extension, there is a set of requirements that SHALL be met as part of the definition of the extension.","There can be no stigma associated with the use of extensions by any application, project, or standard - regardless of the institution or jurisdiction that uses or defines the extensions.  The use of extensions is what allows the FHIR specification to retain a core level of simplicity for everyone.","","","","","","","","",,,,,"","value:url}
","Extensions are always sliced by (at least) url",,"open","Element.extension",0,*,"","ele-1:All FHIR elements must have a @value or children {hasValue() or (children().count() > id.count())}
ext-1:Must have either extensions or value[x], not both {extension.exists() != value.exists()}","n/a"
"BeModelMedicationView.treatments.treatmentLines.modifierExtension","BeModelMedicationView.treatments.treatmentLines.modifierExtension","","extensions
user contentmodifiers","",0,*,"","Y","Y","Extension {[]} {[]}
","Extensions that cannot be ignored even if unrecognized","May be used to represent additional information that is not part of the basic definition of the element and that modifies the understanding of the element in which it is contained and/or the understanding of the containing element's descendants. Usually modifier elements provide negation or qualification. To make the use of extensions safe and manageable, there is a strict set of governance applied to the definition and use of extensions. Though any implementer can define an extension, there is a set of requirements that SHALL be met as part of the definition of the extension. Applications processing a resource are required to check for modifier extensions.

Modifier extensions SHALL NOT change the meaning of any elements on Resource or DomainResource (including cannot change the meaning of modifierExtension itself).","There can be no stigma associated with the use of extensions by any application, project, or standard - regardless of the institution or jurisdiction that uses or defines the extensions.  The use of extensions is what allows the FHIR specification to retain a core level of simplicity for everyone.","Modifier extensions allow for extensions that *cannot* be safely ignored to be clearly distinguished from the vast majority of extensions which can be safely ignored.  This promotes interoperability by eliminating the need for implementers to prohibit the presence of extensions. For further information, see the [definition of modifier extensions](http://hl7.org/fhir/2021Mar/extensibility.html#modifierExtension).","","","","","","","",,,,,"",,,,"BackboneElement.modifierExtension",0,*,"","ele-1:All FHIR elements must have a @value or children {hasValue() or (children().count() > id.count())}
ext-1:Must have either extensions or value[x], not both {extension.exists() != value.exists()}","N/A"
"BeModelMedicationView.treatments.treatmentLines.product[x]","BeModelMedicationView.treatments.treatmentLines.product[x]","","","",1,1,"","","","CodeableConcept {[]} {[]}
Reference {[]} {[CanonicalType[http://hl7.org/fhir/StructureDefinition/Medication]]}","Product for which the treatment line refers to","Product for which the treatment line refers to","","","","","","","","","",,,,,"",,,,"BeModelMedicationView.treatments.treatmentLines.product[x]",1,1,"",""
"BeModelMedicationView.treatments.treatmentLines.detailedRecords","BeModelMedicationView.treatments.treatmentLines.detailedRecords","","","",0,*,"","","","BackboneElement {[]} {[]}
","Detailed records","Detailed records - the most granular interactions","","","","","","","","","",,,,,"",,,,"BeModelMedicationView.treatments.treatmentLines.detailedRecords",0,*,"","ele-1:All FHIR elements must have a @value or children unless an empty Parameters resource {hasValue() or (children().count() > id.count()) or $this is Parameters}
"
"BeModelMedicationView.treatments.treatmentLines.detailedRecords.id","BeModelMedicationView.treatments.treatmentLines.detailedRecords.id","","","",0,1,"","","","id {[]} {[]}
","Unique id for inter-element referencing","Unique id for the element within a resource (for internal references). This may be any string value that does not contain spaces.","","","","","","","","","",,,,,"",,,,"Element.id",0,1,"","","n/a"
"BeModelMedicationView.treatments.treatmentLines.detailedRecords.extension","BeModelMedicationView.treatments.treatmentLines.detailedRecords.extension","","extensions
user content","",0,*,"","","","Extension {[]} {[]}
","Additional content defined by implementations","May be used to represent additional information that is not part of the basic definition of the element. To make the use of extensions safe and manageable, there is a strict set of governance  applied to the definition and use of extensions. Though any implementer can define an extension, there is a set of requirements that SHALL be met as part of the definition of the extension.","There can be no stigma associated with the use of extensions by any application, project, or standard - regardless of the institution or jurisdiction that uses or defines the extensions.  The use of extensions is what allows the FHIR specification to retain a core level of simplicity for everyone.","","","","","","","","",,,,,"","value:url}
","Extensions are always sliced by (at least) url",,"open","Element.extension",0,*,"","ele-1:All FHIR elements must have a @value or children {hasValue() or (children().count() > id.count())}
ext-1:Must have either extensions or value[x], not both {extension.exists() != value.exists()}","n/a"
"BeModelMedicationView.treatments.treatmentLines.detailedRecords.modifierExtension","BeModelMedicationView.treatments.treatmentLines.detailedRecords.modifierExtension","","extensions
user contentmodifiers","",0,*,"","Y","Y","Extension {[]} {[]}
","Extensions that cannot be ignored even if unrecognized","May be used to represent additional information that is not part of the basic definition of the element and that modifies the understanding of the element in which it is contained and/or the understanding of the containing element's descendants. Usually modifier elements provide negation or qualification. To make the use of extensions safe and manageable, there is a strict set of governance applied to the definition and use of extensions. Though any implementer can define an extension, there is a set of requirements that SHALL be met as part of the definition of the extension. Applications processing a resource are required to check for modifier extensions.

Modifier extensions SHALL NOT change the meaning of any elements on Resource or DomainResource (including cannot change the meaning of modifierExtension itself).","There can be no stigma associated with the use of extensions by any application, project, or standard - regardless of the institution or jurisdiction that uses or defines the extensions.  The use of extensions is what allows the FHIR specification to retain a core level of simplicity for everyone.","Modifier extensions allow for extensions that *cannot* be safely ignored to be clearly distinguished from the vast majority of extensions which can be safely ignored.  This promotes interoperability by eliminating the need for implementers to prohibit the presence of extensions. For further information, see the [definition of modifier extensions](http://hl7.org/fhir/2021Mar/extensibility.html#modifierExtension).","","","","","","","",,,,,"",,,,"BackboneElement.modifierExtension",0,*,"","ele-1:All FHIR elements must have a @value or children {hasValue() or (children().count() > id.count())}
ext-1:Must have either extensions or value[x], not both {extension.exists() != value.exists()}","N/A"
"BeModelMedicationView.treatments.treatmentLines.detailedRecords.orders","BeModelMedicationView.treatments.treatmentLines.detailedRecords.orders","","","",0,*,"","","","http://hl7belgium.org/fhir/riziv-medicationrecord/StructureDefinition/BeModelMedicationRecordOrder {[]} {[]}
","Explicit or implicit order for medication use or changes","Explicit or implicit order for medication use or changes","","","","","","","","","",,,,,"",,,,"BeModelMedicationView.treatments.treatmentLines.detailedRecords.orders",0,*,"",""
"BeModelMedicationView.treatments.treatmentLines.detailedRecords.schedule","BeModelMedicationView.treatments.treatmentLines.detailedRecords.schedule","","","",0,*,"","","","http://hl7belgium.org/fhir/riziv-medicationrecord/StructureDefinition/BeModelMedicationScheduledAdministration {[]} {[]}
","Scheduled administrations of the medication","Scheduled administrations of the medication","","","","","","","","","",,,,,"",,,,"BeModelMedicationView.treatments.treatmentLines.detailedRecords.schedule",0,*,"",""
"BeModelMedicationView.treatments.treatmentLines.detailedRecords.dispenses","BeModelMedicationView.treatments.treatmentLines.detailedRecords.dispenses","","","",0,*,"","","","http://hl7belgium.org/fhir/riziv-medicationrecord/StructureDefinition/BeModelMedicationRecordDispense {[]} {[]}
","Registered or reported dispenses","Registered or reported dispenses","","","","","","","","","",,,,,"",,,,"BeModelMedicationView.treatments.treatmentLines.detailedRecords.dispenses",0,*,"",""
"BeModelMedicationView.treatments.treatmentLines.detailedRecords.administrations","BeModelMedicationView.treatments.treatmentLines.detailedRecords.administrations","","","",0,*,"","","","http://hl7belgium.org/fhir/riziv-medicationrecord/StructureDefinition/BeModelMedicationRecordAdministration {[]} {[]}
","Registered or reported single administrations","Registered or reported single administrations","","","","","","","","","",,,,,"",,,,"BeModelMedicationView.treatments.treatmentLines.detailedRecords.administrations",0,*,"",""
"BeModelMedicationView.treatments.treatmentLines.detailedRecords.usageReports","BeModelMedicationView.treatments.treatmentLines.detailedRecords.usageReports","","","",0,*,"","","","http://hl7belgium.org/fhir/riziv-medicationrecord/StructureDefinition/BeModelMedicationRecordUsage {[]} {[]}
","Reported statements of medication usage","Reported statements of medication usage","","","","","","","","","",,,,,"",,,,"BeModelMedicationView.treatments.treatmentLines.detailedRecords.usageReports",0,*,"",""
"BeModelMedicationView.changeRecord","BeModelMedicationView.changeRecord","","","",0,*,"","","","Provenance {[]} {[]}
","Change records and provenance for the medication record components","Change records and provenance for the medication record components","","","","","","","","","",,,,,"",,,,"BeModelMedicationView.changeRecord",0,*,"",""
