{
  "resourceType" : "CarePlan",
  "id" : "6-treatment",
  "meta" : {
    "profile" : ["http://hl7belgium.org/fhir/riziv-medicationrecord/StructureDefinition/MedRecordTreatment"]
  },
  "text" : {
    "status" : "generated",
    "div" : "<div xmlns=\"http://www.w3.org/1999/xhtml\"><p><b>Generated Narrative: CarePlan</b><a name=\"6-treatment\"> </a></p><div style=\"display: inline-block; background-color: #d9e0e7; padding: 6px; margin: 4px; border: 1px solid #8da1b4; border-radius: 5px; line-height: 60%\"><p style=\"margin-bottom: 0px\">Resource CarePlan &quot;6-treatment&quot; </p><p style=\"margin-bottom: 0px\">Profile: <a href=\"StructureDefinition-MedRecordTreatment.html\">MedRecord Treatment profile</a></p></div><p><b>identifier</b>: id: 0d462dac-513a-4fb0-a2fe-fb7f53b27c5d</p><p><b>status</b>: active</p><p><b>intent</b>: plan</p><p><b>title</b>: Treatment for Hyperlipidemia</p><p><b>subject</b>: <span/></p><p><b>created</b>: 2021-07-19 13:00:00+0200</p><p><b>addresses</b>: <a href=\"Condition-headache-condition.html\">Condition/headache-condition</a></p></div>"
  },
  "identifier" : [{
    "system" : "http://treatments-identifiers.com",
    "value" : "0d462dac-513a-4fb0-a2fe-fb7f53b27c5d"
  }],
  "status" : "active",
  "intent" : "plan",
  "title" : "Treatment for Hyperlipidemia",
  "subject" : {
    "identifier" : {
      "system" : "https://www.ehealth.fgov.be/standards/fhir/NamingSystem/ssin",
      "value" : "64110219106"
    }
  },
  "created" : "2021-07-19T13:00:00+02:00",
  "addresses" : [{
    "reference" : "Condition/headache-condition"
  }]
}