{
  "resourceType" : "MedicationDispense",
  "id" : "13-1-dispense",
  "meta" : {
    "profile" : ["http://hl7belgium.org/fhir/riziv-medicationrecord/StructureDefinition/MedRecordDispense"]
  },
  "text" : {
    "status" : "extensions",
    "div" : "<div xmlns=\"http://www.w3.org/1999/xhtml\"><p><b>Generated Narrative: MedicationDispense</b><a name=\"13-1-dispense\"> </a></p><div style=\"display: inline-block; background-color: #d9e0e7; padding: 6px; margin: 4px; border: 1px solid #8da1b4; border-radius: 5px; line-height: 60%\"><p style=\"margin-bottom: 0px\">Resource MedicationDispense &quot;13-1-dispense&quot; </p><p style=\"margin-bottom: 0px\">Profile: <a href=\"StructureDefinition-MedRecordDispense.html\">BeMedRecord Dispense profile</a></p></div><p><b>Based On</b>: <span/></p><p><b>identifier</b>: id: f219aa4e-5d10-4f3d-840d-a15e0dff2957</p><p><b>status</b>: completed</p><p><b>medication</b>: Spidifen compr. pellic. (séc.) 24x 400mg <span style=\"background: LightGoldenRodYellow; margin: 4px; border: 1px solid khaki\"> (cnk_product_codes#1784206)</span></p><p><b>subject</b>: <span/></p><blockquote><p><b>performer</b></p><p><b>function</b>: dispenser <span style=\"background: LightGoldenRodYellow; margin: 4px; border: 1px solid khaki\"> ([not stated]#dispenser)</span></p><p><b>actor</b>: <span>: Pharmacist</span></p></blockquote><blockquote><p><b>performer</b></p><p><b>function</b>: dispensingOrg <span style=\"background: LightGoldenRodYellow; margin: 4px; border: 1px solid khaki\"> ([not stated]#dispensingOrg)</span></p><p><b>actor</b>: <span>: Pharmacy X</span></p></blockquote><p><b>quantity</b>: 1 Bottle<span style=\"background: LightGoldenRodYellow\"> (Details: http://standardterms.edqm.eu/PAC code 30008000 = '30008000')</span></p><p><b>whenHandedOver</b>: 2020-05-01 13:00:00+0200</p></div>"
  },
  "extension" : [{
    "url" : "http://hl7.org/fhir/StructureDefinition/event-basedOn",
    "valueReference" : {
      "identifier" : {
        "system" : "http://treatment-identifiers.com",
        "value" : "0d462dac-513a-4fb0-a2fe-fb7f53b27c5d"
      }
    }
  }],
  "identifier" : [{
    "system" : "http://dispense-identifiers.com",
    "value" : "f219aa4e-5d10-4f3d-840d-a15e0dff2957"
  }],
  "status" : "completed",
  "medicationCodeableConcept" : {
    "coding" : [{
      "system" : "https://cnk.apb.be/codings/cnk_product_codes",
      "code" : "1784206",
      "display" : "Spidifen compr. pellic. (séc.) 24x 400mg"
    }]
  },
  "subject" : {
    "identifier" : {
      "system" : "https://www.ehealth.fgov.be/standards/fhir/NamingSystem/ssin",
      "value" : "64110219106"
    }
  },
  "performer" : [{
    "function" : {
      "coding" : [{
        "code" : "dispenser"
      }]
    },
    "actor" : {
      "identifier" : {
        "system" : "http://dispenser-identifiers.com",
        "value" : "7c3aa173-3185-4001-a661-df36a7492798"
      },
      "display" : "Pharmacist"
    }
  },
  {
    "function" : {
      "coding" : [{
        "code" : "dispensingOrg"
      }]
    },
    "actor" : {
      "identifier" : {
        "system" : "http://dispenser-identifiers.com",
        "value" : "5b2e9903-fba7-4ed3-aa76-52d386012ca0"
      },
      "display" : "Pharmacy X"
    }
  }],
  "quantity" : {
    "value" : 1,
    "unit" : "Bottle",
    "system" : "http://standardterms.edqm.eu/PAC",
    "code" : "30008000"
  },
  "whenHandedOver" : "2020-05-01T13:00:00+02:00"
}