<?xml version="1.0" encoding="UTF-8"?>

<CarePlan xmlns="http://hl7.org/fhir">
  <id value="15-treatment-2"/>
  <meta>
    <profile value="http://hl7belgium.org/fhir/riziv-medicationrecord/StructureDefinition/MedRecordTreatment"/>
  </meta>
  <text>
    <status value="generated"/><div xmlns="http://www.w3.org/1999/xhtml"><p><b>Generated Narrative: CarePlan</b><a name="15-treatment-2"> </a></p><div style="display: inline-block; background-color: #d9e0e7; padding: 6px; margin: 4px; border: 1px solid #8da1b4; border-radius: 5px; line-height: 60%"><p style="margin-bottom: 0px">Resource CarePlan &quot;15-treatment-2&quot; </p><p style="margin-bottom: 0px">Profile: <a href="StructureDefinition-MedRecordTreatment.html">MedRecord Treatment profile</a></p></div><p><b>identifier</b>: id: 0d462dac-513a-4fb0-a2fe-fb7f53b27c5d</p><p><b>status</b>: active</p><p><b>intent</b>: plan</p><p><b>title</b>: Treatment for preventing stroke</p><p><b>subject</b>: <span/></p><p><b>created</b>: 2021-08-01 09:00:00+0200</p><blockquote><p><b>activity</b></p><h3>Details</h3><table class="grid"><tr><td>-</td><td><b>Kind</b></td><td><b>Status</b></td><td><b>Product[x]</b></td></tr><tr><td>*</td><td>MedicationRequest</td><td>completed</td><td>Aspirine 500 mg (36 effervescent tablets) <span style="background: LightGoldenRodYellow; margin: 4px; border: 1px solid khaki"> (cnk_product_codes#00)</span></td></tr></table></blockquote></div>
  </text>
  <identifier>
    <system value="http://treatments-identifiers.com"/>
    <value value="0d462dac-513a-4fb0-a2fe-fb7f53b27c5d"/>
  </identifier>
  <status value="active"/>
  <intent value="plan"/>
  <title value="Treatment for preventing stroke"/>
  <subject>
    <identifier>
      <system value="https://www.ehealth.fgov.be/standards/fhir/NamingSystem/ssin"/>
      <value value="64110219106"/>
    </identifier>
  </subject>
  <created value="2021-08-01T09:00:00+02:00"/>
  <activity>
    <detail>
      <kind value="MedicationRequest"/>
      <status value="completed"/>
      <productCodeableConcept>
        <coding>
          <system value="https://cnk.apb.be/codings/cnk_product_codes"/>
          <code value="00"/>
          <display value="Aspirine 500 mg (36 effervescent tablets)"/>
        </coding>
      </productCodeableConcept>
    </detail>
  </activity>
</CarePlan>