<?xml version="1.0" encoding="UTF-8"?>

<Condition xmlns="http://hl7.org/fhir">
  <id value="hyperlipidemia-condition"/>
  <text>
    <status value="generated"/><div xmlns="http://www.w3.org/1999/xhtml"><p><b>Generated Narrative: Condition</b><a name="hyperlipidemia-condition"> </a></p><div style="display: inline-block; background-color: #d9e0e7; padding: 6px; margin: 4px; border: 1px solid #8da1b4; border-radius: 5px; line-height: 60%"><p style="margin-bottom: 0px">Resource Condition &quot;hyperlipidemia-condition&quot; </p></div><p><b>code</b>: Hyperlipidemia (disorder) <span style="background: LightGoldenRodYellow; margin: 4px; border: 1px solid khaki"> (snomed.ct#55822004)</span></p><p><b>subject</b>: <span/></p></div>
  </text>
  <code>
    <coding>
      <system value="http://snomed.ct"/>
      <code value="55822004"/>
      <display value="Hyperlipidemia (disorder)"/>
    </coding>
  </code>
  <subject>
    <identifier>
      <system value="https://www.ehealth.fgov.be/standards/fhir/NamingSystem/ssin"/>
      <value value="64110219106"/>
    </identifier>
  </subject>
</Condition>