<?xml version="1.0" encoding="UTF-8"?>

<MedicationStatement xmlns="http://hl7.org/fhir">
  <id value="Asaflow500mg1xACMd"/>
  <text>
    <status value="generated"/><div xmlns="http://www.w3.org/1999/xhtml"><p><b>Generated Narrative: MedicationStatement</b><a name="Asaflow500mg1xACMd"> </a></p><div style="display: inline-block; background-color: #d9e0e7; padding: 6px; margin: 4px; border: 1px solid #8da1b4; border-radius: 5px; line-height: 60%"><p style="margin-bottom: 0px">Resource MedicationStatement "Asaflow500mg1xACMd" </p></div><p><b>status</b>: active</p><p><b>medication</b>: Asaflow (Tadeka), 168 x 80mg <span style="background: LightGoldenRodYellow; margin: 4px; border: 1px solid khaki"> ([not stated]#2542488)</span></p><p><b>subject</b>: <a href="Patient1">Patient1</a></p><p><b>effective</b>: 2021-07-01 --&gt; (ongoing)</p><p><b>derivedFrom</b>: <a href="MedicationStatement-Asaflow500mg1xACM.html">MedicationStatement/Asaflow500mg1xACM</a></p><blockquote><p><b>dosage</b></p><p><b>timing</b>: Do , before breakfast</p></blockquote></div>
  </text>
  <status value="active"/>
  <medicationCodeableConcept>
    <coding>
      <code value="2542488"/>
      <display value="Asaflow (Tadeka), 168 x 80mg"/>
    </coding>
  </medicationCodeableConcept>
  <subject>
    <reference value="Patient1"/>
  </subject>
  <effectivePeriod>
    <start value="2021-07-01"/>
  </effectivePeriod>
  <derivedFrom>
    <reference value="MedicationStatement/Asaflow500mg1xACM"/>
  </derivedFrom>
  <dosage>
    <timing>
      <repeat>
        <when value="ACM"/>
      </repeat>
    </timing>
    <doseAndRate>
      <doseQuantity>
        <value value="1"/>
      </doseQuantity>
    </doseAndRate>
  </dosage>
</MedicationStatement>